Id,Name,Age,Gender,Hobby,Job
0,김지훈,41,여자,연기,프로그래머
1,이유진,38,선택 안함,수영,프로그래머
2,박서연,22,여자,조립,프로그래머
3,신유진,25,남자,조립,프로그래머
4,탁윤택,33,여자,검도,기획/QA
5,황보윤택,32,여자,검도,기획/QA
6,강현우,52,남자,미술,기획/QA
7,남궁영진,35,여자,노래,그래픽/영상
8,강상철,34,선택 안함,연기,그래픽/영상
9,안영진,48,남자,독서,기획/QA
10,탁영진,53,여자,미술,기획/QA
11,남궁서연,27,남자,춤,프로그래머
12,안영진,32,여자,노래,프로그래머
13,황보서연,59,여자,축구,기획/QA
14,박서연,31,여자,연기,프로그래머
15,안현우,33,남자,노래,기획/QA
16,최현우,55,여자,테니스,기획/QA
17,정지훈,36,남자,노래,그래픽/영상
18,황보서연,29,여자,축구,그래픽/영상
19,이유진,29,남자,검도,프로그래머
20,박지훈,50,선택 안함,테니스,프로그래머
21,김영진,42,여자,독서,그래픽/영상
22,이현승,43,선택 안함,수영,기획/QA
23,신서연,54,선택 안함,테니스,기획/QA
24,남궁현승,28,남자,조립,기획/QA
25,최민지,29,선택 안함,축구,기획/QA
26,독고지훈,27,여자,테니스,프로그래머
27,독고지호,40,남자,조립,프로그래머
28,최지호,33,선택 안함,수영,기획/QA
29,박상철,51,남자,테니스,기획/QA
30,윤영진,26,여자,수영,프로그래머
31,윤지훈,57,여자,연기,기획/QA
32,이상철,50,선택 안함,조립,그래픽/영상
33,박민지,32,선택 안함,검도,기획/QA
34,정시우,54,선택 안함,미술,그래픽/영상
35,정서연,29,여자,미술,기획/QA
36,최상철,60,여자,미술,기획/QA
37,정윤택,53,남자,미술,그래픽/영상
38,신지훈,35,선택 안함,독서,프로그래머
39,조윤택,23,여자,춤,기획/QA
40,김현우,60,남자,조립,프로그래머
41,윤영진,51,남자,연기,그래픽/영상
42,조유진,58,선택 안함,미술,기획/QA
43,최현승,24,여자,축구,기획/QA
44,박상철,35,선택 안함,수영,그래픽/영상
45,이영진,39,여자,수영,그래픽/영상
46,김서연,21,선택 안함,연기,그래픽/영상
47,안유진,20,선택 안함,검도,그래픽/영상
48,김지훈,37,여자,춤,그래픽/영상
49,안시우,35,남자,연기,프로그래머
50,조지호,20,여자,미술,그래픽/영상
51,김현우,27,선택 안함,미술,그래픽/영상
52,박시우,55,남자,수영,기획/QA
53,조상철,60,여자,축구,기획/QA
54,남궁지훈,42,선택 안함,연기,프로그래머
55,남궁영진,40,남자,독서,그래픽/영상
56,탁민지,43,남자,조립,기획/QA
57,정민지,22,여자,수영,프로그래머
58,강영진,36,선택 안함,수영,그래픽/영상
59,최상철,21,남자,수영,그래픽/영상
60,조지호,43,남자,노래,기획/QA
61,김유진,28,여자,검도,그래픽/영상
62,강현우,24,여자,수영,기획/QA
63,남궁지훈,28,여자,미술,그래픽/영상
64,탁영진,59,남자,테니스,프로그래머
65,조유진,25,선택 안함,수영,프로그래머
66,최유진,20,선택 안함,춤,그래픽/영상
67,강유진,20,남자,수영,그래픽/영상
68,남궁현승,54,남자,춤,그래픽/영상
69,정윤택,35,남자,미술,그래픽/영상
70,박현승,44,선택 안함,테니스,프로그래머
71,강윤택,57,여자,연기,프로그래머
72,신지호,52,여자,수영,프로그래머
73,황보상철,46,여자,미술,기획/QA
74,강민지,22,남자,미술,그래픽/영상
75,남궁시우,54,선택 안함,조립,기획/QA
76,황보상철,50,여자,연기,기획/QA
77,황보민지,51,여자,독서,그래픽/영상
78,이현승,51,남자,검도,기획/QA
79,이현승,43,여자,축구,프로그래머
80,박시우,41,남자,테니스,그래픽/영상
81,최서연,29,여자,수영,그래픽/영상
82,독고지훈,33,여자,축구,그래픽/영상
83,독고민지,60,선택 안함,미술,프로그래머
84,박영진,28,선택 안함,독서,프로그래머
85,이유진,22,선택 안함,미술,그래픽/영상
86,독고영진,42,남자,수영,프로그래머
87,독고시우,60,선택 안함,검도,프로그래머
88,최윤택,43,남자,노래,프로그래머
89,강서연,21,선택 안함,축구,기획/QA
90,황보지호,34,선택 안함,축구,그래픽/영상
91,이서연,26,남자,수영,그래픽/영상
92,독고현승,24,선택 안함,축구,기획/QA
93,김서연,60,선택 안함,연기,프로그래머
94,황보윤택,53,여자,연기,프로그래머
95,박윤택,36,남자,축구,기획/QA
96,정영진,25,여자,테니스,프로그래머
97,조윤택,27,선택 안함,미술,프로그래머
98,신지호,56,남자,조립,그래픽/영상
99,탁시우,35,남자,테니스,그래픽/영상
100,독고윤택,21,선택 안함,수영,그래픽/영상
101,정영진,38,선택 안함,미술,프로그래머
102,강시우,48,선택 안함,미술,프로그래머
103,신영진,34,여자,수영,프로그래머
104,박민지,28,선택 안함,연기,그래픽/영상
105,독고지훈,56,남자,연기,기획/QA
106,독고지호,59,여자,테니스,프로그래머
107,김윤택,31,여자,축구,기획/QA
108,탁서연,53,여자,노래,그래픽/영상
109,탁서연,26,남자,수영,그래픽/영상
110,남궁현우,60,남자,조립,기획/QA
111,신영진,35,남자,춤,기획/QA
112,탁영진,58,여자,조립,그래픽/영상
113,최현승,44,선택 안함,독서,기획/QA
114,황보지호,59,남자,수영,그래픽/영상
115,윤상철,51,남자,독서,기획/QA
116,강시우,26,남자,수영,그래픽/영상
117,이민지,57,선택 안함,축구,프로그래머
118,신유진,35,선택 안함,독서,기획/QA
119,황보시우,49,여자,축구,기획/QA
120,황보현승,41,여자,수영,기획/QA
121,남궁윤택,39,남자,수영,기획/QA
122,이시우,27,선택 안함,테니스,프로그래머
123,황보지호,36,선택 안함,연기,프로그래머
124,박시우,48,선택 안함,축구,기획/QA
125,김민지,50,선택 안함,검도,그래픽/영상
126,독고서연,36,여자,노래,프로그래머
127,이민지,53,남자,미술,프로그래머
128,남궁영진,25,남자,노래,프로그래머
129,안시우,50,남자,독서,프로그래머
130,조영진,43,남자,테니스,프로그래머
131,윤민지,45,남자,테니스,프로그래머
132,강유진,37,여자,연기,프로그래머
133,강윤택,52,선택 안함,연기,프로그래머
134,안지훈,28,남자,춤,프로그래머
135,김현승,36,여자,노래,프로그래머
136,조민지,60,선택 안함,수영,프로그래머
137,남궁상철,47,남자,노래,그래픽/영상
138,강민지,49,여자,검도,그래픽/영상
139,강유진,33,선택 안함,수영,그래픽/영상
140,박현우,25,여자,조립,그래픽/영상
141,남궁현승,54,남자,미술,기획/QA
142,강윤택,27,남자,검도,그래픽/영상
143,윤지훈,35,남자,테니스,프로그래머
144,최민지,39,남자,축구,프로그래머
145,박지훈,20,여자,조립,그래픽/영상
146,신윤택,22,선택 안함,춤,프로그래머
147,김상철,36,여자,춤,그래픽/영상
148,조영진,48,남자,테니스,그래픽/영상
149,신지훈,22,여자,조립,프로그래머
150,조상철,53,남자,미술,그래픽/영상
151,김유진,58,여자,수영,프로그래머
152,남궁현우,29,여자,독서,그래픽/영상
153,탁윤택,26,남자,연기,기획/QA
154,강민지,29,남자,수영,기획/QA
155,조지호,48,남자,수영,그래픽/영상
156,강시우,45,여자,테니스,기획/QA
157,독고현우,35,여자,수영,프로그래머
158,탁서연,29,선택 안함,테니스,그래픽/영상
159,조지호,21,선택 안함,조립,기획/QA
160,이현승,57,선택 안함,검도,그래픽/영상
161,이현우,32,선택 안함,연기,기획/QA
162,조영진,31,남자,독서,기획/QA
163,조상철,49,여자,춤,기획/QA
164,최영진,37,남자,연기,프로그래머
165,황보유진,45,남자,미술,그래픽/영상
166,신현승,60,남자,독서,기획/QA
167,조상철,51,남자,테니스,프로그래머
168,조서연,47,여자,독서,그래픽/영상
169,황보민지,56,선택 안함,조립,프로그래머
170,박지훈,57,선택 안함,조립,프로그래머
171,독고유진,24,여자,독서,프로그래머
172,이지호,37,여자,연기,기획/QA
173,최시우,57,남자,춤,프로그래머
174,신영진,30,남자,검도,그래픽/영상
175,정시우,28,남자,독서,기획/QA
176,김시우,53,남자,조립,프로그래머
177,독고현우,31,선택 안함,수영,기획/QA
178,강유진,51,여자,검도,기획/QA
179,윤지훈,54,여자,테니스,프로그래머
180,강현승,36,남자,연기,그래픽/영상
181,강지호,48,선택 안함,검도,그래픽/영상
182,김시우,55,남자,조립,프로그래머
183,윤현우,51,선택 안함,연기,기획/QA
184,독고지호,22,선택 안함,노래,그래픽/영상
185,최민지,26,남자,조립,기획/QA
186,최민지,23,여자,독서,프로그래머
187,최영진,39,여자,축구,프로그래머
188,남궁지호,58,선택 안함,춤,프로그래머
189,황보서연,21,여자,춤,기획/QA
190,독고현승,37,여자,노래,프로그래머
191,황보서연,24,선택 안함,축구,기획/QA
192,강지호,33,남자,조립,기획/QA
193,조지훈,22,남자,축구,기획/QA
194,강상철,49,남자,축구,그래픽/영상
195,박윤택,51,남자,테니스,그래픽/영상
196,박유진,21,남자,조립,그래픽/영상
197,조지호,33,남자,축구,그래픽/영상
198,독고민지,50,남자,미술,프로그래머
199,정현승,57,남자,미술,그래픽/영상
200,윤현우,40,선택 안함,수영,그래픽/영상
201,정지호,27,남자,춤,기획/QA
202,정지훈,26,남자,춤,기획/QA
203,이영진,38,여자,미술,프로그래머
204,독고윤택,58,여자,연기,기획/QA
205,조상철,52,여자,검도,그래픽/영상
206,안상철,53,남자,조립,그래픽/영상
207,안영진,46,남자,춤,그래픽/영상
208,조유진,35,여자,조립,그래픽/영상
209,강영진,47,여자,수영,기획/QA
210,조윤택,43,선택 안함,조립,기획/QA
211,윤지훈,60,남자,노래,프로그래머
212,윤서연,31,선택 안함,검도,그래픽/영상
213,조현승,30,여자,연기,그래픽/영상
214,정유진,28,여자,수영,그래픽/영상
215,황보서연,36,선택 안함,연기,그래픽/영상
216,탁민지,35,선택 안함,연기,그래픽/영상
217,정현승,41,여자,독서,그래픽/영상
218,이서연,50,선택 안함,수영,프로그래머
219,독고지훈,30,여자,노래,그래픽/영상
220,이유진,43,여자,연기,그래픽/영상
221,탁지호,51,여자,연기,그래픽/영상
222,박영진,30,여자,검도,프로그래머
223,황보서연,53,여자,수영,프로그래머
224,이상철,59,남자,축구,그래픽/영상
225,강현승,21,남자,테니스,그래픽/영상
226,남궁윤택,57,남자,검도,그래픽/영상
227,박서연,38,여자,춤,프로그래머
228,박영진,53,남자,춤,그래픽/영상
229,박윤택,23,선택 안함,축구,그래픽/영상
230,조유진,44,남자,미술,프로그래머
231,신시우,37,선택 안함,독서,프로그래머
232,남궁윤택,35,여자,검도,그래픽/영상
233,탁민지,59,여자,테니스,기획/QA
234,남궁현우,24,선택 안함,검도,기획/QA
235,조상철,49,여자,조립,프로그래머
236,황보윤택,35,여자,연기,프로그래머
237,강민지,57,남자,미술,기획/QA
238,독고민지,54,여자,연기,프로그래머
239,안지훈,43,남자,조립,그래픽/영상
240,신지훈,28,선택 안함,조립,프로그래머
241,독고영진,55,선택 안함,조립,그래픽/영상
242,탁현우,57,여자,수영,기획/QA
243,정유진,22,선택 안함,검도,그래픽/영상
244,김윤택,38,선택 안함,미술,기획/QA
245,조지훈,36,여자,독서,프로그래머
246,독고현우,32,남자,노래,그래픽/영상
247,황보시우,53,여자,미술,기획/QA
248,박유진,49,선택 안함,노래,기획/QA
249,신서연,30,선택 안함,축구,그래픽/영상
250,조서연,58,여자,축구,기획/QA
251,윤현우,35,선택 안함,독서,기획/QA
252,김상철,28,남자,조립,기획/QA
253,신유진,46,여자,검도,기획/QA
254,남궁서연,47,여자,춤,프로그래머
255,남궁시우,53,여자,춤,프로그래머
256,이유진,41,여자,조립,기획/QA
257,독고지호,55,남자,미술,기획/QA
258,조현승,60,선택 안함,수영,기획/QA
259,이현승,48,선택 안함,수영,그래픽/영상
260,김상철,38,남자,테니스,프로그래머
261,박윤택,48,여자,노래,기획/QA
262,최상철,42,선택 안함,검도,그래픽/영상
263,안시우,28,여자,축구,그래픽/영상
264,김영진,48,여자,테니스,기획/QA
265,안영진,49,선택 안함,노래,프로그래머
266,최윤택,49,여자,춤,프로그래머
267,윤현우,24,여자,독서,그래픽/영상
268,강상철,36,여자,춤,그래픽/영상
269,독고유진,56,선택 안함,미술,프로그래머
270,독고현우,25,남자,축구,그래픽/영상
271,조서연,46,여자,미술,그래픽/영상
272,이상철,22,남자,테니스,그래픽/영상
273,조시우,27,선택 안함,수영,프로그래머
274,정서연,37,여자,춤,그래픽/영상
275,강영진,58,남자,축구,프로그래머
276,황보현우,38,여자,미술,프로그래머
277,조민지,54,선택 안함,독서,기획/QA
278,조서연,60,여자,독서,기획/QA
279,박민지,44,여자,수영,프로그래머
280,황보시우,21,여자,수영,프로그래머
281,조지훈,52,선택 안함,조립,프로그래머
282,탁현우,42,선택 안함,축구,기획/QA
283,안시우,35,남자,독서,기획/QA
284,윤지훈,46,남자,조립,기획/QA
285,박유진,28,남자,독서,프로그래머
286,탁상철,53,남자,노래,프로그래머
287,탁지호,43,여자,독서,그래픽/영상
288,독고상철,20,여자,독서,그래픽/영상
289,신시우,26,선택 안함,연기,프로그래머
290,조영진,26,여자,축구,기획/QA
291,이상철,25,여자,축구,프로그래머
292,안현우,50,선택 안함,수영,그래픽/영상
293,이현승,60,여자,미술,프로그래머
294,조지호,29,선택 안함,연기,그래픽/영상
295,정지호,37,여자,미술,그래픽/영상
296,남궁유진,37,여자,검도,프로그래머
297,탁윤택,37,여자,테니스,기획/QA
298,김민지,26,남자,테니스,프로그래머
299,안지호,27,선택 안함,노래,기획/QA
300,윤지훈,60,남자,춤,그래픽/영상
301,신영진,38,선택 안함,연기,프로그래머
302,신유진,55,여자,독서,기획/QA
303,이지호,26,선택 안함,미술,프로그래머
304,조지훈,30,선택 안함,노래,기획/QA
305,안시우,52,여자,독서,프로그래머
306,정영진,44,선택 안함,검도,프로그래머
307,이현우,30,선택 안함,테니스,그래픽/영상
308,김영진,24,남자,축구,프로그래머
309,안윤택,40,남자,테니스,그래픽/영상
310,신영진,36,여자,축구,그래픽/영상
311,독고시우,55,선택 안함,검도,그래픽/영상
312,독고영진,52,여자,독서,그래픽/영상
313,최현승,52,남자,춤,그래픽/영상
314,조윤택,43,여자,검도,프로그래머
315,황보유진,25,남자,테니스,프로그래머
316,탁윤택,34,여자,춤,기획/QA
317,정유진,49,여자,수영,기획/QA
318,이윤택,57,선택 안함,축구,프로그래머
319,안상철,41,선택 안함,미술,그래픽/영상
320,황보현우,21,선택 안함,노래,그래픽/영상
321,남궁지호,58,남자,조립,그래픽/영상
322,최지호,32,선택 안함,독서,프로그래머
323,황보영진,54,여자,독서,프로그래머
324,조민지,32,남자,춤,기획/QA
325,최영진,60,선택 안함,미술,기획/QA
326,독고윤택,47,남자,춤,기획/QA
327,탁시우,31,여자,테니스,프로그래머
328,박상철,55,선택 안함,노래,기획/QA
329,조영진,46,남자,독서,프로그래머
330,이윤택,48,남자,조립,프로그래머
331,최시우,32,남자,춤,그래픽/영상
332,남궁상철,42,남자,춤,그래픽/영상
333,조유진,34,선택 안함,조립,그래픽/영상
334,이영진,41,선택 안함,춤,프로그래머
335,황보현우,40,여자,독서,프로그래머
336,조현승,26,남자,춤,그래픽/영상
337,이현우,42,여자,연기,기획/QA
338,탁윤택,60,남자,수영,그래픽/영상
339,박서연,57,남자,독서,그래픽/영상
340,최현우,43,선택 안함,수영,그래픽/영상
341,조상철,37,여자,노래,기획/QA
342,윤영진,59,선택 안함,축구,기획/QA
343,신상철,54,선택 안함,춤,프로그래머
344,최지호,60,남자,검도,기획/QA
345,신지호,35,남자,축구,기획/QA
346,남궁현승,33,여자,노래,기획/QA
347,조상철,57,남자,연기,기획/QA
348,김지훈,45,여자,검도,기획/QA
349,탁영진,22,여자,테니스,기획/QA
350,황보영진,22,선택 안함,미술,그래픽/영상
351,조민지,32,선택 안함,테니스,프로그래머
352,최지훈,25,선택 안함,노래,그래픽/영상
353,윤현우,24,남자,연기,그래픽/영상
354,남궁유진,41,남자,노래,프로그래머
355,안현승,31,남자,독서,기획/QA
356,강지훈,43,남자,미술,기획/QA
357,정윤택,56,여자,춤,그래픽/영상
358,강영진,44,남자,연기,그래픽/영상
359,황보지호,30,선택 안함,축구,기획/QA
360,윤영진,35,여자,미술,그래픽/영상
361,김상철,57,남자,수영,그래픽/영상
362,탁윤택,20,남자,연기,프로그래머
363,탁윤택,59,여자,테니스,프로그래머
364,강현우,37,선택 안함,춤,프로그래머
365,이서연,31,선택 안함,독서,기획/QA
366,황보현승,58,여자,미술,기획/QA
367,윤상철,55,선택 안함,수영,프로그래머
368,독고민지,32,남자,춤,그래픽/영상
369,탁서연,36,선택 안함,테니스,기획/QA
370,박영진,59,남자,검도,그래픽/영상
371,강지호,44,여자,테니스,기획/QA
372,김윤택,55,선택 안함,독서,기획/QA
373,신윤택,32,남자,독서,그래픽/영상
374,독고서연,29,남자,연기,그래픽/영상
375,정유진,59,여자,수영,기획/QA
376,독고서연,28,여자,독서,프로그래머
377,최유진,44,선택 안함,축구,그래픽/영상
378,신윤택,40,선택 안함,축구,기획/QA
379,조지호,39,여자,축구,기획/QA
380,윤현승,26,선택 안함,춤,프로그래머
381,이유진,31,여자,조립,그래픽/영상
382,박윤택,43,여자,독서,프로그래머
383,강윤택,30,선택 안함,검도,프로그래머
384,김현승,56,여자,테니스,프로그래머
385,신지훈,53,선택 안함,수영,기획/QA
386,정민지,29,여자,테니스,프로그래머
387,조민지,31,선택 안함,수영,프로그래머
388,안민지,47,선택 안함,테니스,그래픽/영상
389,박상철,58,선택 안함,테니스,프로그래머
390,독고시우,21,선택 안함,연기,기획/QA
391,박민지,31,남자,축구,기획/QA
392,정윤택,48,선택 안함,축구,프로그래머
393,탁현승,42,남자,연기,그래픽/영상
394,강민지,21,선택 안함,춤,그래픽/영상
395,김민지,49,선택 안함,노래,그래픽/영상
396,최상철,28,남자,수영,그래픽/영상
397,윤유진,49,선택 안함,노래,프로그래머
398,정현승,48,남자,조립,프로그래머
399,정민지,45,여자,연기,프로그래머
400,독고민지,52,여자,수영,기획/QA
401,박현승,36,남자,수영,프로그래머
402,강영진,31,여자,조립,프로그래머
403,이유진,44,선택 안함,미술,프로그래머
404,박시우,50,남자,독서,그래픽/영상
405,탁지호,36,여자,노래,기획/QA
406,조유진,21,여자,노래,그래픽/영상
407,독고지호,24,선택 안함,테니스,그래픽/영상
408,이민지,28,남자,연기,프로그래머
409,황보현승,28,남자,축구,그래픽/영상
410,윤현승,39,남자,춤,그래픽/영상
411,박서연,41,여자,조립,그래픽/영상
412,이시우,55,남자,검도,프로그래머
413,윤유진,37,남자,노래,그래픽/영상
414,박지호,37,선택 안함,조립,그래픽/영상
415,최지호,44,남자,검도,그래픽/영상
416,독고유진,54,선택 안함,독서,기획/QA
417,박영진,36,선택 안함,연기,기획/QA
418,탁서연,23,여자,축구,프로그래머
419,안유진,43,선택 안함,춤,기획/QA
420,강서연,48,여자,미술,그래픽/영상
421,김지호,54,여자,미술,기획/QA
422,박상철,22,남자,독서,그래픽/영상
423,박유진,21,남자,조립,그래픽/영상
424,탁윤택,29,선택 안함,축구,그래픽/영상
425,안지호,30,여자,검도,프로그래머
426,탁서연,50,선택 안함,노래,프로그래머
427,박유진,57,남자,수영,그래픽/영상
428,탁현승,52,남자,축구,기획/QA
429,정현승,44,여자,춤,기획/QA
430,윤시우,37,선택 안함,테니스,프로그래머
431,박영진,34,선택 안함,테니스,기획/QA
432,이윤택,52,남자,조립,프로그래머
433,신현우,22,선택 안함,노래,그래픽/영상
434,안영진,42,여자,테니스,프로그래머
435,안유진,53,남자,검도,기획/QA
436,조유진,44,여자,연기,기획/QA
437,김현우,37,선택 안함,미술,그래픽/영상
438,독고현승,35,여자,춤,그래픽/영상
439,이유진,35,선택 안함,조립,프로그래머
440,이영진,35,여자,연기,기획/QA
441,강윤택,34,남자,조립,기획/QA
442,조영진,60,남자,독서,기획/QA
443,이지호,50,남자,검도,그래픽/영상
444,신지호,34,선택 안함,춤,그래픽/영상
445,정상철,48,남자,검도,그래픽/영상
446,탁지훈,47,여자,테니스,기획/QA
447,독고현우,41,남자,검도,기획/QA
448,최지훈,60,여자,조립,그래픽/영상
449,윤현우,34,남자,독서,그래픽/영상
450,박지훈,37,여자,연기,기획/QA
451,안서연,42,여자,조립,기획/QA
452,탁영진,20,남자,검도,기획/QA
453,최유진,24,여자,노래,프로그래머
454,강윤택,23,남자,조립,그래픽/영상
455,탁지훈,43,여자,조립,프로그래머
456,강서연,36,남자,테니스,프로그래머
457,탁현승,54,남자,춤,그래픽/영상
458,박시우,33,선택 안함,미술,기획/QA
459,황보현우,29,남자,연기,그래픽/영상
460,최현승,47,남자,노래,그래픽/영상
461,박윤택,25,여자,수영,기획/QA
462,조상철,42,남자,노래,그래픽/영상
463,탁민지,48,여자,춤,그래픽/영상
464,안민지,41,선택 안함,조립,프로그래머
465,탁상철,34,남자,독서,그래픽/영상
466,이유진,34,남자,춤,프로그래머
467,신현우,58,선택 안함,수영,기획/QA
468,남궁지호,60,선택 안함,미술,그래픽/영상
469,안지호,34,남자,연기,기획/QA
470,탁지호,25,여자,검도,기획/QA
471,최민지,23,선택 안함,축구,그래픽/영상
472,강영진,30,남자,독서,그래픽/영상
473,신현승,42,여자,춤,프로그래머
474,윤서연,24,여자,축구,기획/QA
475,조지호,57,여자,수영,기획/QA
476,황보상철,32,남자,노래,프로그래머
477,남궁상철,56,여자,검도,그래픽/영상
478,조시우,39,남자,검도,그래픽/영상
479,안윤택,25,남자,노래,그래픽/영상
480,박서연,55,여자,조립,프로그래머
481,정시우,60,선택 안함,연기,기획/QA
482,조상철,55,선택 안함,테니스,그래픽/영상
483,황보현우,38,여자,검도,프로그래머
484,정지훈,39,선택 안함,미술,기획/QA
485,정현승,37,남자,독서,기획/QA
486,남궁시우,25,여자,노래,프로그래머
487,정현우,51,여자,조립,프로그래머
488,조민지,54,남자,조립,프로그래머
489,이상철,46,남자,조립,그래픽/영상
490,강상철,22,여자,미술,프로그래머
491,신영진,59,남자,연기,기획/QA
492,황보유진,46,여자,검도,그래픽/영상
493,이지호,44,남자,검도,그래픽/영상
494,최민지,59,남자,독서,기획/QA
495,최시우,29,여자,연기,프로그래머
496,최민지,49,여자,조립,프로그래머
497,황보현우,35,여자,연기,프로그래머
498,정영진,34,여자,테니스,그래픽/영상
499,신서연,40,남자,노래,기획/QA
